{
    "forest_bootstrap": {
        "acc": 0.7002314814814815,
        "prec": 0.4906898362482853,
        "rec": 0.7002314814814815
    },
    "forest_undersampling": {
        "acc": 0.478587962962963,
        "prec": 0.8071555153819926,
        "rec": 0.478587962962963
    },
    "forest_oversampling": {
        "acc": 0.44155092592592593,
        "prec": 0.7280982835878231,
        "rec": 0.44155092592592593
    },
    "sklearn_bootstrap": {
        "acc": 0.7002314814814815,
        "prec": 0.4906898362482853,
        "rec": 0.7002314814814815
    },
    "sklearn_balanced": {
        "acc": 0.605324074074074,
        "prec": 0.7658983849966536,
        "rec": 0.605324074074074
    }
}